case,factor,method,pred_x,pred_y,true_x,true_y,error_px,success,confidence,runtime_s,n_candidates,n_decoys,rotation_deg,gaussian_noise_std,blur_ksize,scale_jitter,repetition_level,target_position
scale_0,scale,baseline,489.0,359.0,489.0,359.0,0.0,True,0.7130866050720215,0.10559391975402832,1,1127,0.0,0.0,0,0.0,0.85,random
scale_0,scale,retina_only,489.0,359.0,489.0,359.0,0.0,True,0.49013569951057434,0.11759543418884277,1,1127,0.0,0.0,0,0.0,0.85,random
scale_0,scale,context_only,489.0,359.0,489.0,359.0,0.0,True,0.777350492771987,0.10371994972229004,12,1127,0.0,0.0,0,0.0,0.85,random
scale_0,scale,biocontext,489.0,359.0,489.0,359.0,0.0,True,0.7115007324709912,0.10824775695800781,16,1127,0.0,0.0,0,0.0,0.85,random
scale_1,scale,baseline,359.0,177.0,359.0,177.0,0.0,True,0.6846160888671875,0.10038161277770996,1,1127,0.0,0.0,0,0.022222222222222223,0.85,random
scale_1,scale,retina_only,359.0,177.0,359.0,177.0,0.0,True,0.5010058283805847,0.12756037712097168,1,1127,0.0,0.0,0,0.022222222222222223,0.85,random
scale_1,scale,context_only,359.0,177.0,359.0,177.0,0.0,True,0.7551310839575334,0.11618876457214355,12,1127,0.0,0.0,0,0.022222222222222223,0.85,random
scale_1,scale,biocontext,359.0,177.0,359.0,177.0,0.0,True,0.5824984006837326,0.10945940017700195,16,1127,0.0,0.0,0,0.022222222222222223,0.85,random
scale_2,scale,baseline,411.0,670.0,411.0,671.0,1.0,True,0.6006050705909729,0.10704851150512695,1,1127,0.0,0.0,0,0.044444444444444446,0.85,random
scale_2,scale,retina_only,411.5,672.5,411.0,671.0,1.5811388300841898,True,0.3894321620464325,0.11917448043823242,1,1127,0.0,0.0,0,0.044444444444444446,0.85,random
scale_2,scale,context_only,411.5,672.5,411.0,671.0,1.5811388300841898,True,0.6273344791214446,0.10702037811279297,12,1127,0.0,0.0,0,0.044444444444444446,0.85,random
scale_2,scale,biocontext,411.0,670.0,411.0,671.0,1.0,True,0.6065842962305474,0.10988950729370117,16,1127,0.0,0.0,0,0.044444444444444446,0.85,random
scale_3,scale,baseline,671.0,489.0,671.0,489.0,0.0,True,0.7317516207695007,0.0989217758178711,1,1127,0.0,0.0,0,0.06666666666666667,0.85,random
scale_3,scale,retina_only,593.0,177.0,671.0,489.0,321.6022387981775,False,0.6266305446624756,0.11269235610961914,1,1127,0.0,0.0,0,0.06666666666666667,0.85,random
scale_3,scale,context_only,671.0,489.0,671.0,489.0,0.0,True,0.7915221426204582,0.10166454315185547,12,1127,0.0,0.0,0,0.06666666666666667,0.85,random
scale_3,scale,biocontext,671.0,489.0,671.0,489.0,0.0,True,0.7818524164992139,0.10636258125305176,16,1127,0.0,0.0,0,0.06666666666666667,0.85,random
scale_4,scale,baseline,671.0,593.0,671.0,593.0,0.0,True,0.5660896301269531,0.10035848617553711,1,1127,0.0,0.0,0,0.08888888888888889,0.85,random
scale_4,scale,retina_only,697.0,697.0,671.0,593.0,107.20074626605917,False,0.4382566213607788,0.11533331871032715,1,1127,0.0,0.0,0,0.08888888888888889,0.85,random
scale_4,scale,context_only,671.0,593.0,671.0,593.0,0.0,True,0.6157858600827247,0.10478806495666504,12,1127,0.0,0.0,0,0.08888888888888889,0.85,random
scale_4,scale,biocontext,671.0,593.0,671.0,593.0,0.0,True,0.6363959539567965,0.11854219436645508,16,1127,0.0,0.0,0,0.08888888888888889,0.85,random
scale_5,scale,baseline,307.0,333.0,307.0,333.0,0.0,True,0.6684804558753967,0.10737109184265137,1,1127,0.0,0.0,0,0.11111111111111112,0.85,random
scale_5,scale,retina_only,723.0,697.0,307.0,333.0,552.7675822622018,False,0.5130578279495239,0.11426162719726562,1,1127,0.0,0.0,0,0.11111111111111112,0.85,random
scale_5,scale,context_only,307.0,333.0,307.0,333.0,0.0,True,0.7484219509979978,0.10910582542419434,12,1127,0.0,0.0,0,0.11111111111111112,0.85,random
scale_5,scale,biocontext,307.0,333.0,307.0,333.0,0.0,True,0.5959710455293254,0.11543917655944824,16,1127,0.0,0.0,0,0.11111111111111112,0.85,random
scale_6,scale,baseline,281.0,229.0,281.0,229.0,0.0,True,0.576261579990387,0.10361504554748535,1,1127,0.0,0.0,0,0.13333333333333333,0.85,random
scale_6,scale,retina_only,281.0,229.0,281.0,229.0,0.0,True,0.4045654535293579,0.11297082901000977,1,1127,0.0,0.0,0,0.13333333333333333,0.85,random
scale_6,scale,context_only,281.0,229.0,281.0,229.0,0.0,True,0.6660649378451409,0.1051933765411377,12,1127,0.0,0.0,0,0.13333333333333333,0.85,random
scale_6,scale,biocontext,281.0,229.0,281.0,229.0,0.0,True,0.4946949268581017,0.10841727256774902,16,1127,0.0,0.0,0,0.13333333333333333,0.85,random
scale_7,scale,baseline,541.0,255.0,541.0,255.0,0.0,True,0.6445091962814331,0.10285496711730957,1,1127,0.0,0.0,0,0.15555555555555556,0.85,random
scale_7,scale,retina_only,541.0,255.0,541.0,255.0,0.0,True,0.48942577838897705,0.11394381523132324,1,1127,0.0,0.0,0,0.15555555555555556,0.85,random
scale_7,scale,context_only,541.0,255.0,541.0,255.0,0.0,True,0.7224430746683161,0.11164498329162598,12,1127,0.0,0.0,0,0.15555555555555556,0.85,random
scale_7,scale,biocontext,541.0,255.0,541.0,255.0,0.0,True,0.6135419966549351,0.10811996459960938,16,1127,0.0,0.0,0,0.15555555555555556,0.85,random
scale_8,scale,baseline,593.5,619.5,593.0,619.0,0.7071067811865476,True,0.7633228898048401,0.13569307327270508,1,1127,0.0,0.0,0,0.17777777777777778,0.85,random
scale_8,scale,retina_only,385.5,177.5,593.0,619.0,487.8304008566912,False,0.7064282894134521,0.15096735954284668,1,1127,0.0,0.0,0,0.17777777777777778,0.85,random
scale_8,scale,context_only,593.5,619.5,593.0,619.0,0.7071067811865476,True,0.8276643285102747,0.13413357734680176,12,1127,0.0,0.0,0,0.17777777777777778,0.85,random
scale_8,scale,biocontext,593.5,619.5,593.0,619.0,0.7071067811865476,True,0.8731385304216601,0.13750123977661133,16,1127,0.0,0.0,0,0.17777777777777778,0.85,random
scale_9,scale,baseline,229.0,593.0,229.0,593.0,0.0,True,0.6514226198196411,0.09941220283508301,1,1127,0.0,0.0,0,0.2,0.85,random
scale_9,scale,retina_only,229.0,593.0,229.0,593.0,0.0,True,0.5159083008766174,0.11700153350830078,1,1127,0.0,0.0,0,0.2,0.85,random
scale_9,scale,context_only,229.0,593.0,229.0,593.0,0.0,True,0.7258218576688236,0.10297060012817383,12,1127,0.0,0.0,0,0.2,0.85,random
scale_9,scale,biocontext,229.0,593.0,229.0,593.0,0.0,True,0.7482371954792264,0.10526156425476074,16,1127,0.0,0.0,0,0.2,0.85,random
rot_0,rot,baseline,463.0,515.0,463.0,515.0,0.0,True,0.7356647849082947,0.1050262451171875,1,1127,0.0,0.0,0,0.0,0.85,random
rot_0,rot,retina_only,463.0,515.0,463.0,515.0,0.0,True,0.5650041699409485,0.11490726470947266,1,1127,0.0,0.0,0,0.0,0.85,random
rot_0,rot,context_only,463.0,515.0,463.0,515.0,0.0,True,0.8025751534066342,0.1028134822845459,12,1127,0.0,0.0,0,0.0,0.85,random
rot_0,rot,biocontext,463.0,515.0,463.0,515.0,0.0,True,0.7214836143148367,0.10786581039428711,16,1127,0.0,0.0,0,0.0,0.85,random
rot_1,rot,baseline,645.0,515.0,645.0,515.0,0.0,True,0.33940431475639343,0.09917092323303223,1,1127,2.7777777777777777,0.0,0,0.0,0.85,random
rot_1,rot,retina_only,515.0,411.0,645.0,515.0,166.48123017325406,False,0.23715810477733612,0.11284685134887695,1,1127,2.7777777777777777,0.0,0,0.0,0.85,random
rot_1,rot,context_only,645.0,515.0,645.0,515.0,0.0,True,0.3544986486950608,0.10021328926086426,6,1127,2.7777777777777777,0.0,0,0.0,0.85,random
rot_1,rot,biocontext,645.0,515.0,645.0,515.0,0.0,True,0.2971614352589046,0.1060633659362793,13,1127,2.7777777777777777,0.0,0,0.0,0.85,random
rot_2,rot,baseline,672.0,464.0,671.0,463.0,1.4142135623730951,True,0.13208447396755219,0.10567355155944824,1,1127,5.555555555555555,0.0,0,0.0,0.85,random
rot_2,rot,retina_only,191.0,606.0,671.0,463.0,500.8482804203285,False,0.08170290291309357,0.11264204978942871,1,1127,5.555555555555555,0.0,0,0.0,0.85,random
rot_2,rot,context_only,450.0,450.0,671.0,463.0,221.38202275704322,False,0.0,0.10029101371765137,0,1127,5.555555555555555,0.0,0,0.0,0.85,random
rot_2,rot,biocontext,672.0,464.0,671.0,463.0,1.4142135623730951,True,0.22700315174037175,0.10249757766723633,3,1127,5.555555555555555,0.0,0,0.0,0.85,random
rot_3,rot,baseline,527.5,212.5,541.0,203.0,16.507574019219177,False,0.2030990570783615,0.1024017333984375,1,1127,8.333333333333332,0.0,0,0.0,0.85,random
rot_3,rot,retina_only,581.0,606.0,541.0,203.0,404.9802464318476,False,0.046910129487514496,0.1208808422088623,1,1127,8.333333333333332,0.0,0,0.0,0.85,random
rot_3,rot,context_only,527.5,212.5,541.0,203.0,16.507574019219177,False,0.172588002542568,0.10133647918701172,6,1127,8.333333333333332,0.0,0,0.0,0.85,random
rot_3,rot,biocontext,527.5,212.5,541.0,203.0,16.507574019219177,False,0.2072559708253473,0.1040191650390625,7,1127,8.333333333333332,0.0,0,0.0,0.85,random
rot_4,rot,baseline,322.0,501.0,333.0,515.0,17.804493814764857,False,0.2511955499649048,0.10270285606384277,1,1127,11.11111111111111,0.0,0,0.0,0.85,random
rot_4,rot,retina_only,597.0,665.0,333.0,515.0,303.63794229311986,False,0.05847049131989479,0.11796092987060547,1,1127,11.11111111111111,0.0,0,0.0,0.85,random
rot_4,rot,context_only,322.0,501.0,333.0,515.0,17.804493814764857,False,0.21579339938481037,0.10376691818237305,12,1127,11.11111111111111,0.0,0,0.0,0.85,random
rot_4,rot,biocontext,322.0,501.0,333.0,515.0,17.804493814764857,False,0.2926115831666795,0.10745978355407715,16,1127,11.11111111111111,0.0,0,0.0,0.85,random
rot_5,rot,baseline,351.0,528.0,359.0,489.0,39.81205847478876,False,0.12045298516750336,0.10054373741149902,1,1127,13.88888888888889,0.0,0,0.0,0.85,random
rot_5,rot,retina_only,268.0,469.0,359.0,489.0,93.17188417113823,False,0.04500319063663483,0.11376667022705078,1,1127,13.88888888888889,0.0,0,0.0,0.85,random
rot_5,rot,context_only,450.0,450.0,359.0,489.0,99.00505037623081,False,0.0,0.09886884689331055,0,1127,13.88888888888889,0.0,0,0.0,0.85,random
rot_5,rot,biocontext,351.0,528.0,359.0,489.0,39.81205847478876,False,0.09337560319736346,0.09865617752075195,1,1127,13.88888888888889,0.0,0,0.0,0.85,random
rot_6,rot,baseline,639.5,546.5,385.0,281.0,367.7777861698556,False,0.12345140427350998,0.10281515121459961,1,1127,16.666666666666664,0.0,0,0.0,0.85,random
rot_6,rot,retina_only,580.0,464.0,385.0,281.0,267.4210163767986,False,0.04266532510519028,0.11353325843811035,1,1127,16.666666666666664,0.0,0,0.0,0.85,random
rot_6,rot,context_only,450.0,450.0,385.0,281.0,181.06904760339356,False,0.0,0.09732437133789062,0,1127,16.666666666666664,0.0,0,0.0,0.85,random
rot_6,rot,biocontext,639.5,546.5,385.0,281.0,367.7777861698556,False,0.10344075429234503,0.09714055061340332,1,1127,16.666666666666664,0.0,0,0.0,0.85,random
rot_7,rot,baseline,256.5,469.5,255.0,463.0,6.670832032063167,True,0.3566083312034607,0.09763884544372559,1,1127,19.444444444444443,0.0,0,0.0,0.85,random
rot_7,rot,retina_only,286.5,500.5,255.0,463.0,48.974483151943524,False,0.04835087060928345,0.11192965507507324,1,1127,19.444444444444443,0.0,0,0.0,0.85,random
rot_7,rot,context_only,256.5,469.5,255.0,463.0,6.670832032063167,True,0.30567725612528357,0.10051608085632324,12,1127,19.444444444444443,0.0,0,0.0,0.85,random
rot_7,rot,biocontext,253.0,469.0,255.0,463.0,6.324555320336759,True,0.3522063667570582,0.1109778881072998,15,1127,19.444444444444443,0.0,0,0.0,0.85,random
rot_8,rot,baseline,490.5,555.5,437.0,593.0,65.33375850201793,False,0.16552568972110748,0.10387444496154785,1,1127,22.22222222222222,0.0,0,0.0,0.85,random
rot_8,rot,retina_only,747.5,346.5,437.0,593.0,396.4498707276873,False,0.06363394856452942,0.11087656021118164,1,1127,22.22222222222222,0.0,0,0.0,0.85,random
rot_8,rot,context_only,490.5,555.5,437.0,593.0,65.33375850201793,False,0.1564748268493406,0.09944701194763184,2,1127,22.22222222222222,0.0,0,0.0,0.85,random
rot_8,rot,biocontext,408.5,292.5,437.0,593.0,301.84847191927275,False,0.1544453542278417,0.1069495677947998,16,1127,22.22222222222222,0.0,0,0.0,0.85,random
rot_9,rot,baseline,655.5,360.5,515.0,619.0,294.2150573984955,False,0.1467716097831726,0.0993642807006836,1,1127,25.0,0.0,0,0.0,0.85,random
rot_9,rot,retina_only,479.0,402.0,515.0,619.0,219.9659064491586,False,0.0544360913336277,0.11557173728942871,1,1127,25.0,0.0,0,0.0,0.85,random
rot_9,rot,context_only,450.0,450.0,515.0,619.0,181.06904760339356,False,0.0,0.1004173755645752,0,1127,25.0,0.0,0,0.0,0.85,random
rot_9,rot,biocontext,655.5,360.5,515.0,619.0,294.2150573984955,False,0.12128416542850282,0.11850619316101074,2,1127,25.0,0.0,0,0.0,0.85,random
noise_0,noise,baseline,463.0,593.0,463.0,593.0,0.0,True,0.7102805376052856,0.10322380065917969,1,1127,0.0,0.0,0,0.0,0.85,random
noise_0,noise,retina_only,463.0,593.0,463.0,593.0,0.0,True,0.48864439129829407,0.1100778579711914,1,1127,0.0,0.0,0,0.0,0.85,random
noise_0,noise,context_only,463.0,593.0,463.0,593.0,0.0,True,0.7760017450521693,0.1024627685546875,12,1127,0.0,0.0,0,0.0,0.85,random
noise_0,noise,biocontext,463.0,593.0,463.0,593.0,0.0,True,0.6520016565277638,0.10817885398864746,16,1127,0.0,0.0,0,0.0,0.85,random
noise_1,noise,baseline,229.0,697.0,229.0,697.0,0.0,True,0.6603935360908508,0.09893393516540527,1,1127,0.0,2.4444444444444446,0,0.0,0.85,random
noise_1,noise,retina_only,723.0,177.0,229.0,697.0,717.2419396549535,False,0.514468789100647,0.11334013938903809,1,1127,0.0,2.4444444444444446,0,0.0,0.85,random
noise_1,noise,context_only,463.0,697.0,229.0,697.0,234.0,False,0.7355240641219203,0.10201883316040039,12,1127,0.0,2.4444444444444446,0,0.0,0.85,random
noise_1,noise,biocontext,463.0,697.0,229.0,697.0,234.0,False,0.5153708441588302,0.11054348945617676,16,1127,0.0,2.4444444444444446,0,0.0,0.85,random
noise_2,noise,baseline,203.0,177.0,203.0,177.0,0.0,True,0.7275868058204651,0.10299277305603027,1,1127,0.0,4.888888888888889,0,0.0,0.85,random
noise_2,noise,retina_only,203.0,177.0,203.0,177.0,0.0,True,0.5874477028846741,0.11091256141662598,1,1127,0.0,4.888888888888889,0,0.0,0.85,random
noise_2,noise,context_only,203.0,177.0,203.0,177.0,0.0,True,0.7949609137104903,0.10442042350769043,12,1127,0.0,4.888888888888889,0,0.0,0.85,random
noise_2,noise,biocontext,203.0,177.0,203.0,177.0,0.0,True,0.6615444584702851,0.11280083656311035,16,1127,0.0,4.888888888888889,0,0.0,0.85,random
noise_3,noise,baseline,229.0,489.0,229.0,489.0,0.0,True,0.6364156603813171,0.10374736785888672,1,1127,0.0,7.333333333333334,0,0.0,0.85,random
noise_3,noise,retina_only,723.0,333.0,229.0,489.0,518.0463299744531,False,0.48965904116630554,0.11635565757751465,1,1127,0.0,7.333333333333334,0,0.0,0.85,random
noise_3,noise,context_only,229.0,489.0,229.0,489.0,0.0,True,0.7198580054077676,0.1042015552520752,12,1127,0.0,7.333333333333334,0,0.0,0.85,random
noise_3,noise,biocontext,229.0,489.0,229.0,489.0,0.0,True,0.6073607528569114,0.10951662063598633,16,1127,0.0,7.333333333333334,0,0.0,0.85,random
noise_4,noise,baseline,255.0,255.0,255.0,255.0,0.0,True,0.6207445859909058,0.1101372241973877,1,1127,0.0,9.777777777777779,0,0.0,0.85,random
noise_4,noise,retina_only,255.0,255.0,255.0,255.0,0.0,True,0.4691946506500244,0.11279845237731934,1,1127,0.0,9.777777777777779,0,0.0,0.85,random
noise_4,noise,context_only,255.0,255.0,255.0,255.0,0.0,True,0.7058908610230293,0.10279393196105957,12,1127,0.0,9.777777777777779,0,0.0,0.85,random
noise_4,noise,biocontext,255.0,255.0,255.0,255.0,0.0,True,0.6236841886915256,0.10920929908752441,16,1127,0.0,9.777777777777779,0,0.0,0.85,random
noise_5,noise,baseline,307.0,437.0,307.0,437.0,0.0,True,0.5987446904182434,0.09978985786437988,1,1127,0.0,12.222222222222223,0,0.0,0.85,random
noise_5,noise,retina_only,307.0,437.0,307.0,437.0,0.0,True,0.47123342752456665,0.11161637306213379,1,1127,0.0,12.222222222222223,0,0.0,0.85,random
noise_5,noise,context_only,307.0,437.0,307.0,437.0,0.0,True,0.6764477918114954,0.10025286674499512,12,1127,0.0,12.222222222222223,0,0.0,0.85,random
noise_5,noise,biocontext,307.0,437.0,307.0,437.0,0.0,True,0.4855205295187407,0.10674691200256348,16,1127,0.0,12.222222222222223,0,0.0,0.85,random
noise_6,noise,baseline,203.0,203.0,203.0,203.0,0.0,True,0.560644805431366,0.10257244110107422,1,1127,0.0,14.666666666666668,0,0.0,0.85,random
noise_6,noise,retina_only,359.0,359.0,203.0,203.0,220.61731573020282,False,0.45515233278274536,0.11405205726623535,1,1127,0.0,14.666666666666668,0,0.0,0.85,random
noise_6,noise,context_only,203.0,203.0,203.0,203.0,0.0,True,0.6434399150036665,0.10204458236694336,9,1127,0.0,14.666666666666668,0,0.0,0.85,random
noise_6,noise,biocontext,203.0,203.0,203.0,203.0,0.0,True,0.4595383762943115,0.11237096786499023,16,1127,0.0,14.666666666666668,0,0.0,0.85,random
noise_7,noise,baseline,671.0,333.0,671.0,333.0,0.0,True,0.6467382311820984,0.10094094276428223,1,1127,0.0,17.111111111111114,0,0.0,0.85,random
noise_7,noise,retina_only,697.0,359.0,671.0,333.0,36.76955262170047,False,0.5463540554046631,0.11426925659179688,1,1127,0.0,17.111111111111114,0,0.0,0.85,random
noise_7,noise,context_only,671.0,333.0,671.0,333.0,0.0,True,0.7095799860111136,0.10030031204223633,6,1127,0.0,17.111111111111114,0,0.0,0.85,random
noise_7,noise,biocontext,671.0,333.0,671.0,333.0,0.0,True,0.5277577294480948,0.10323119163513184,16,1127,0.0,17.111111111111114,0,0.0,0.85,random
noise_8,noise,baseline,541.0,229.0,541.0,229.0,0.0,True,0.5489136576652527,0.10077857971191406,1,1127,0.0,19.555555555555557,0,0.0,0.85,random
noise_8,noise,retina_only,541.0,229.0,541.0,229.0,0.0,True,0.39416825771331787,0.11020708084106445,1,1127,0.0,19.555555555555557,0,0.0,0.85,random
noise_8,noise,context_only,541.0,229.0,541.0,229.0,0.0,True,0.6027388253676927,0.09863877296447754,12,1127,0.0,19.555555555555557,0,0.0,0.85,random
noise_8,noise,biocontext,541.0,229.0,541.0,229.0,0.0,True,0.5283535426194774,0.10489535331726074,16,1127,0.0,19.555555555555557,0,0.0,0.85,random
noise_9,noise,baseline,619.0,567.0,619.0,567.0,0.0,True,0.5583756566047668,0.09630918502807617,1,1127,0.0,22.0,0,0.0,0.85,random
noise_9,noise,retina_only,177.0,333.0,619.0,567.0,500.11998560345495,False,0.41846325993537903,0.11368942260742188,1,1127,0.0,22.0,0,0.0,0.85,random
noise_9,noise,context_only,619.0,567.0,619.0,567.0,0.0,True,0.6180445103007088,0.09711194038391113,12,1127,0.0,22.0,0,0.0,0.85,random
noise_9,noise,biocontext,619.0,567.0,619.0,567.0,0.0,True,0.524609502023602,0.10570335388183594,16,1127,0.0,22.0,0,0.0,0.85,random
blur_0,blur,baseline,723.0,203.0,723.0,203.0,0.0,True,0.6601074934005737,0.0991828441619873,1,1127,0.0,0.0,0,0.0,0.85,random
blur_0,blur,retina_only,723.0,203.0,723.0,203.0,0.0,True,0.4996306598186493,0.11086440086364746,1,1127,0.0,0.0,0,0.0,0.85,random
blur_0,blur,context_only,723.0,203.0,723.0,203.0,0.0,True,0.7340403116609399,0.10132217407226562,12,1127,0.0,0.0,0,0.0,0.85,random
blur_0,blur,biocontext,723.0,203.0,723.0,203.0,0.0,True,0.5934316612632924,0.10572504997253418,16,1127,0.0,0.0,0,0.0,0.85,random
blur_1,blur,baseline,281.0,333.0,281.0,333.0,0.0,True,0.3902973234653473,0.09816145896911621,1,1127,0.0,0.0,3,0.0,0.85,random
blur_1,blur,retina_only,281.0,333.0,281.0,333.0,0.0,True,0.36740201711654663,0.11395621299743652,1,1127,0.0,0.0,3,0.0,0.85,random
blur_1,blur,context_only,281.0,333.0,281.0,333.0,0.0,True,0.4223496523227933,0.1015172004699707,12,1127,0.0,0.0,3,0.0,0.85,random
blur_1,blur,biocontext,281.0,333.0,281.0,333.0,0.0,True,0.45857264244707674,0.10942363739013672,16,1127,0.0,0.0,3,0.0,0.85,random
blur_2,blur,baseline,443.5,522.5,307.0,723.0,242.5541176727371,False,0.24470242857933044,0.1070108413696289,1,1127,0.0,0.0,5,0.0,0.85,random
blur_2,blur,retina_only,307.0,724.0,307.0,723.0,1.0,True,0.16584675014019012,0.11433720588684082,1,1127,0.0,0.0,5,0.0,0.85,random
blur_2,blur,context_only,443.5,522.5,307.0,723.0,242.5541176727371,False,0.22310447618605544,0.10353517532348633,12,1127,0.0,0.0,5,0.0,0.85,random
blur_2,blur,biocontext,442.0,520.0,307.0,723.0,243.79089400549807,False,0.32685311999641925,0.11156082153320312,16,1127,0.0,0.0,5,0.0,0.85,random
blur_3,blur,baseline,334.5,285.5,333.0,281.0,4.743416490252569,True,0.24418151378631592,0.1013946533203125,1,1127,0.0,0.0,7,0.0,0.85,random
blur_3,blur,retina_only,336.0,282.0,333.0,281.0,3.1622776601683795,True,0.16524794697761536,0.11213469505310059,1,1127,0.0,0.0,7,0.0,0.85,random
blur_3,blur,context_only,335.0,282.0,333.0,281.0,2.23606797749979,True,0.2400872363552315,0.10054993629455566,12,1127,0.0,0.0,7,0.0,0.85,random
blur_3,blur,biocontext,323.0,277.0,333.0,281.0,10.770329614269007,True,0.2828980878450976,0.10548043251037598,16,1127,0.0,0.0,7,0.0,0.85,random
blur_4,blur,baseline,267.5,158.5,203.0,541.0,387.9001160092634,False,0.16111774742603302,0.10461783409118652,1,1127,0.0,0.0,9,0.0,0.85,random
blur_4,blur,retina_only,527.0,581.0,203.0,541.0,326.4597984438513,False,0.12832675874233246,0.11307311058044434,1,1127,0.0,0.0,9,0.0,0.85,random
blur_4,blur,context_only,267.5,158.5,203.0,541.0,387.9001160092634,False,0.14876648110142432,0.10127830505371094,2,1127,0.0,0.0,9,0.0,0.85,random
blur_4,blur,biocontext,260.0,156.0,203.0,541.0,389.1966084127661,False,0.21697478306129708,0.10741186141967773,16,1127,0.0,0.0,9,0.0,0.85,random
blur_5,blur,baseline,345.5,486.5,359.0,437.0,51.30789412946121,False,0.344830185174942,0.10099506378173828,1,1127,0.0,0.0,11,0.0,0.85,random
blur_5,blur,retina_only,386.0,228.0,359.0,437.0,210.7368026710095,False,0.11233372241258621,0.11483907699584961,1,1127,0.0,0.0,11,0.0,0.85,random
blur_5,blur,context_only,345.5,486.5,359.0,437.0,51.30789412946121,False,0.30496921908496605,0.10015368461608887,12,1127,0.0,0.0,11,0.0,0.85,random
blur_5,blur,biocontext,345.5,486.5,359.0,437.0,51.30789412946121,False,0.338419461578475,0.1049339771270752,16,1127,0.0,0.0,11,0.0,0.85,random
repetition_0,repetition,baseline,307.0,359.0,307.0,359.0,0.0,True,0.6599364876747131,0.10647916793823242,1,1127,0.0,0.0,0,0.0,0.5,random
repetition_0,repetition,retina_only,307.0,359.0,307.0,359.0,0.0,True,0.5006992816925049,0.11412549018859863,1,1127,0.0,0.0,0,0.0,0.5,random
repetition_0,repetition,context_only,307.0,359.0,307.0,359.0,0.0,True,0.7453965220512543,0.10384416580200195,12,1127,0.0,0.0,0,0.0,0.5,random
repetition_0,repetition,biocontext,307.0,359.0,307.0,359.0,0.0,True,0.6669317078114461,0.11077308654785156,16,1127,0.0,0.0,0,0.0,0.5,random
repetition_1,repetition,baseline,255.0,307.0,255.0,307.0,0.0,True,0.6734112501144409,0.10163402557373047,1,1127,0.0,0.0,0,0.0,0.5533333333333333,random
repetition_1,repetition,retina_only,411.0,203.0,255.0,307.0,187.48866632412745,False,0.5237076878547668,0.11316490173339844,1,1127,0.0,0.0,0,0.0,0.5533333333333333,random
repetition_1,repetition,context_only,255.0,307.0,255.0,307.0,0.0,True,0.7548913492322218,0.10313749313354492,12,1127,0.0,0.0,0,0.0,0.5533333333333333,random
repetition_1,repetition,biocontext,255.0,307.0,255.0,307.0,0.0,True,0.5711869735837125,0.10979866981506348,16,1127,0.0,0.0,0,0.0,0.5533333333333333,random
repetition_2,repetition,baseline,645.0,619.0,645.0,619.0,0.0,True,0.651177167892456,0.10462117195129395,1,1127,0.0,0.0,0,0.0,0.6066666666666667,random
repetition_2,repetition,retina_only,645.0,619.0,645.0,619.0,0.0,True,0.4887094795703888,0.11464333534240723,1,1127,0.0,0.0,0,0.0,0.6066666666666667,random
repetition_2,repetition,context_only,645.0,619.0,645.0,619.0,0.0,True,0.7278222937575742,0.10373473167419434,12,1127,0.0,0.0,0,0.0,0.6066666666666667,random
repetition_2,repetition,biocontext,645.0,619.0,645.0,619.0,0.0,True,0.5864883126356355,0.1071779727935791,16,1127,0.0,0.0,0,0.0,0.6066666666666667,random
repetition_3,repetition,baseline,489.0,671.0,489.0,671.0,0.0,True,0.741872251033783,0.10157442092895508,1,1127,0.0,0.0,0,0.0,0.6599999999999999,random
repetition_3,repetition,retina_only,463.0,723.0,489.0,671.0,58.137767414994535,False,0.5967166423797607,0.11237168312072754,1,1127,0.0,0.0,0,0.0,0.6599999999999999,random
repetition_3,repetition,context_only,489.0,671.0,489.0,671.0,0.0,True,0.8107304433754059,0.10194563865661621,12,1127,0.0,0.0,0,0.0,0.6599999999999999,random
repetition_3,repetition,biocontext,489.0,671.0,489.0,671.0,0.0,True,0.6502418879963654,0.10744357109069824,16,1127,0.0,0.0,0,0.0,0.6599999999999999,random
repetition_4,repetition,baseline,229.0,177.0,229.0,177.0,0.0,True,0.768247663974762,0.10136151313781738,1,1127,0.0,0.0,0,0.0,0.7133333333333334,random
repetition_4,repetition,retina_only,645.0,203.0,229.0,177.0,416.8117080889163,False,0.6197187304496765,0.11473608016967773,1,1127,0.0,0.0,0,0.0,0.7133333333333334,random
repetition_4,repetition,context_only,515.0,177.0,229.0,177.0,286.0,False,0.8148002207111946,0.10397481918334961,12,1127,0.0,0.0,0,0.0,0.7133333333333334,random
repetition_4,repetition,biocontext,229.0,177.0,229.0,177.0,0.0,True,0.6352910170045776,0.1117088794708252,16,1127,0.0,0.0,0,0.0,0.7133333333333334,random
repetition_5,repetition,baseline,567.0,307.0,567.0,307.0,0.0,True,0.6833663582801819,0.10119032859802246,1,1127,0.0,0.0,0,0.0,0.7666666666666666,random
repetition_5,repetition,retina_only,567.0,307.0,567.0,307.0,0.0,True,0.5050615072250366,0.11627578735351562,1,1127,0.0,0.0,0,0.0,0.7666666666666666,random
repetition_5,repetition,context_only,567.0,307.0,567.0,307.0,0.0,True,0.759041035172167,0.10565495491027832,12,1127,0.0,0.0,0,0.0,0.7666666666666666,random
repetition_5,repetition,biocontext,567.0,307.0,567.0,307.0,0.0,True,0.6820653621621487,0.11229300498962402,16,1127,0.0,0.0,0,0.0,0.7666666666666666,random
repetition_6,repetition,baseline,385.0,255.0,385.0,255.0,0.0,True,0.6411024332046509,0.10477495193481445,1,1127,0.0,0.0,0,0.0,0.82,random
repetition_6,repetition,retina_only,489.0,723.0,385.0,255.0,479.4163117792301,False,0.4868549108505249,0.1305708885192871,1,1127,0.0,0.0,0,0.0,0.82,random
repetition_6,repetition,context_only,385.0,255.0,385.0,255.0,0.0,True,0.7229291704638452,0.11654281616210938,12,1127,0.0,0.0,0,0.0,0.82,random
repetition_6,repetition,biocontext,385.0,255.0,385.0,255.0,0.0,True,0.6239869487480691,0.10642457008361816,16,1127,0.0,0.0,0,0.0,0.82,random
repetition_7,repetition,baseline,515.0,697.0,515.0,697.0,0.0,True,0.6409689784049988,0.10631036758422852,1,1127,0.0,0.0,0,0.0,0.8733333333333333,random
repetition_7,repetition,retina_only,255.0,255.0,515.0,697.0,512.8001560062165,False,0.5329228043556213,0.11751365661621094,1,1127,0.0,0.0,0,0.0,0.8733333333333333,random
repetition_7,repetition,context_only,515.0,697.0,515.0,697.0,0.0,True,0.728985566183693,0.10066056251525879,12,1127,0.0,0.0,0,0.0,0.8733333333333333,random
repetition_7,repetition,biocontext,515.0,697.0,515.0,697.0,0.0,True,0.6534422261713613,0.10612607002258301,16,1127,0.0,0.0,0,0.0,0.8733333333333333,random
repetition_8,repetition,baseline,255.0,281.0,255.0,281.0,0.0,True,0.6586592793464661,0.1025238037109375,1,1127,0.0,0.0,0,0.0,0.9266666666666666,random
repetition_8,repetition,retina_only,255.0,281.0,255.0,281.0,0.0,True,0.4774840176105499,0.11280965805053711,1,1127,0.0,0.0,0,0.0,0.9266666666666666,random
repetition_8,repetition,context_only,255.0,281.0,255.0,281.0,0.0,True,0.7349673175117009,0.10197138786315918,12,1127,0.0,0.0,0,0.0,0.9266666666666666,random
repetition_8,repetition,biocontext,255.0,281.0,255.0,281.0,0.0,True,0.6683973179360589,0.11021876335144043,16,1127,0.0,0.0,0,0.0,0.9266666666666666,random
repetition_9,repetition,baseline,177.0,697.0,177.0,697.0,0.0,True,0.7410562038421631,0.09943962097167969,1,1127,0.0,0.0,0,0.0,0.98,random
repetition_9,repetition,retina_only,177.0,697.0,177.0,697.0,0.0,True,0.593115508556366,0.11327433586120605,1,1127,0.0,0.0,0,0.0,0.98,random
repetition_9,repetition,context_only,177.0,697.0,177.0,697.0,0.0,True,0.8047759062761477,0.10285043716430664,12,1127,0.0,0.0,0,0.0,0.98,random
repetition_9,repetition,biocontext,177.0,697.0,177.0,697.0,0.0,True,0.6998176541478527,0.10954666137695312,16,1127,0.0,0.0,0,0.0,0.98,random
position_0,position,baseline,437.0,437.0,437.0,437.0,0.0,True,0.6561123132705688,0.10346436500549316,1,1127,0.0,0.0,0,0.0,0.85,center
position_0,position,retina_only,437.0,437.0,437.0,437.0,0.0,True,0.49074676632881165,0.11863303184509277,1,1127,0.0,0.0,0,0.0,0.85,center
position_0,position,context_only,437.0,437.0,437.0,437.0,0.0,True,0.742068969445603,0.10706758499145508,12,1127,0.0,0.0,0,0.0,0.85,center
position_0,position,biocontext,437.0,437.0,437.0,437.0,0.0,True,0.6183892561635386,0.11159777641296387,16,1127,0.0,0.0,0,0.0,0.85,center
position_1,position,baseline,723.0,307.0,723.0,307.0,0.0,True,0.7277446389198303,0.09987020492553711,1,1127,0.0,0.0,0,0.0,0.85,edge
position_1,position,retina_only,697.0,671.0,723.0,307.0,364.9273900380732,False,0.5968410968780518,0.11789679527282715,1,1127,0.0,0.0,0,0.0,0.85,edge
position_1,position,context_only,723.0,307.0,723.0,307.0,0.0,True,0.7974297370588461,0.10366559028625488,12,1127,0.0,0.0,0,0.0,0.85,edge
position_1,position,biocontext,723.0,307.0,723.0,307.0,0.0,True,0.6723601604686283,0.10483026504516602,16,1127,0.0,0.0,0,0.0,0.85,edge
position_2,position,baseline,177.0,723.0,177.0,723.0,0.0,True,0.6696813702583313,0.10048270225524902,1,1127,0.0,0.0,0,0.0,0.85,corner
position_2,position,retina_only,177.0,723.0,177.0,723.0,0.0,True,0.4874090850353241,0.11300063133239746,1,1127,0.0,0.0,0,0.0,0.85,corner
position_2,position,context_only,177.0,723.0,177.0,723.0,0.0,True,0.7433147453246385,0.10959076881408691,12,1127,0.0,0.0,0,0.0,0.85,corner
position_2,position,biocontext,177.0,723.0,177.0,723.0,0.0,True,0.5735499925118326,0.10843396186828613,16,1127,0.0,0.0,0,0.0,0.85,corner
position_3,position,baseline,619.0,645.0,619.0,645.0,0.0,True,0.7505845427513123,0.10155701637268066,1,1127,0.0,0.0,0,0.0,0.85,random
position_3,position,retina_only,619.0,645.0,619.0,645.0,0.0,True,0.5949340462684631,0.11558103561401367,1,1127,0.0,0.0,0,0.0,0.85,random
position_3,position,context_only,619.0,645.0,619.0,645.0,0.0,True,0.813445448879669,0.10387468338012695,12,1127,0.0,0.0,0,0.0,0.85,random
position_3,position,biocontext,619.0,645.0,619.0,645.0,0.0,True,0.7197868660542339,0.11197328567504883,16,1127,0.0,0.0,0,0.0,0.85,random
position_4,position,baseline,437.0,437.0,437.0,437.0,0.0,True,0.6559672951698303,0.11214113235473633,1,1127,0.0,0.0,0,0.0,0.85,center
position_4,position,retina_only,437.0,671.0,437.0,437.0,234.0,False,0.5106533169746399,0.12048029899597168,1,1127,0.0,0.0,0,0.0,0.85,center
position_4,position,context_only,437.0,437.0,437.0,437.0,0.0,True,0.740321072559159,0.10375523567199707,12,1127,0.0,0.0,0,0.0,0.85,center
position_4,position,biocontext,437.0,437.0,437.0,437.0,0.0,True,0.571376723048574,0.1078031063079834,16,1127,0.0,0.0,0,0.0,0.85,center
position_5,position,baseline,255.0,723.0,255.0,723.0,0.0,True,0.679734468460083,0.0985262393951416,1,1127,0.0,0.0,0,0.0,0.85,edge
position_5,position,retina_only,255.0,723.0,255.0,723.0,0.0,True,0.4955652952194214,0.11145949363708496,1,1127,0.0,0.0,0,0.0,0.85,edge
position_5,position,context_only,255.0,723.0,255.0,723.0,0.0,True,0.7570860726129971,0.10022568702697754,12,1127,0.0,0.0,0,0.0,0.85,edge
position_5,position,biocontext,255.0,723.0,255.0,723.0,0.0,True,0.6111519934942019,0.10727715492248535,16,1127,0.0,0.0,0,0.0,0.85,edge
position_6,position,baseline,723.0,177.0,723.0,177.0,0.0,True,0.7396249175071716,0.10140776634216309,1,1127,0.0,0.0,0,0.0,0.85,corner
position_6,position,retina_only,723.0,177.0,723.0,177.0,0.0,True,0.5890011191368103,0.1128227710723877,1,1127,0.0,0.0,0,0.0,0.85,corner
position_6,position,context_only,723.0,177.0,723.0,177.0,0.0,True,0.8015059130105422,0.10098052024841309,12,1127,0.0,0.0,0,0.0,0.85,corner
position_6,position,biocontext,723.0,177.0,723.0,177.0,0.0,True,0.6910723770637197,0.10955810546875,16,1127,0.0,0.0,0,0.0,0.85,corner
position_7,position,baseline,203.0,593.0,203.0,593.0,0.0,True,0.6684421300888062,0.10146713256835938,1,1127,0.0,0.0,0,0.0,0.85,random
position_7,position,retina_only,203.0,177.0,203.0,593.0,416.0,False,0.5248149037361145,0.11752533912658691,1,1127,0.0,0.0,0,0.0,0.85,random
position_7,position,context_only,385.0,593.0,203.0,593.0,182.0,False,0.7451462447191146,0.10362958908081055,12,1127,0.0,0.0,0,0.0,0.85,random
position_7,position,biocontext,385.0,593.0,203.0,593.0,182.0,False,0.5366298789804814,0.1105794906616211,16,1127,0.0,0.0,0,0.0,0.85,random
combined_0,combined,baseline,573.0,223.0,541.0,177.0,56.0357029044876,False,0.2595798969268799,0.1037757396697998,1,1127,13.207828378189626,8.582604135659363,3,0.08,0.9,edge
combined_0,combined,retina_only,184.0,404.0,541.0,177.0,423.0579156569464,False,0.09445805847644806,0.11350107192993164,1,1127,13.207828378189626,8.582604135659363,3,0.08,0.9,edge
combined_0,combined,context_only,573.0,223.0,541.0,177.0,56.0357029044876,False,0.2335370687578687,0.1032114028930664,12,1127,13.207828378189626,8.582604135659363,3,0.08,0.9,edge
combined_0,combined,biocontext,336.0,378.0,541.0,177.0,287.0992859621911,False,0.21824117585151798,0.10875678062438965,16,1127,13.207828378189626,8.582604135659363,3,0.08,0.9,edge
combined_1,combined,baseline,456.5,433.5,723.0,177.0,369.88444141380154,False,0.12604092061519623,0.09899187088012695,1,1127,7.299124962791236,8.821113485183542,3,0.08,0.9,corner
combined_1,combined,retina_only,140.0,394.0,723.0,177.0,622.0755581117136,False,0.06156128644943237,0.11000990867614746,1,1127,7.299124962791236,8.821113485183542,3,0.08,0.9,corner
combined_1,combined,context_only,450.0,450.0,723.0,177.0,386.08030252785494,False,0.0,0.09595513343811035,0,1127,7.299124962791236,8.821113485183542,3,0.08,0.9,corner
combined_1,combined,biocontext,456.5,433.5,723.0,177.0,369.88444141380154,False,0.1138457052309857,0.09773612022399902,3,1127,7.299124962791236,8.821113485183542,3,0.08,0.9,corner
combined_2,combined,baseline,229.0,476.0,385.0,645.0,229.99347816840373,False,0.1955961138010025,0.09911155700683594,1,1127,7.585336182220249,8.473001258119229,3,0.08,0.9,random
combined_2,combined,retina_only,342.0,335.0,385.0,645.0,312.96804948748365,False,0.0733959972858429,0.10986471176147461,1,1127,7.585336182220249,8.473001258119229,3,0.08,0.9,random
combined_2,combined,context_only,218.0,485.0,385.0,645.0,231.27689032845456,False,0.1712437611967056,0.10009050369262695,10,1127,7.585336182220249,8.473001258119229,3,0.08,0.9,random
combined_2,combined,biocontext,373.0,641.0,385.0,645.0,12.649110640673518,True,0.24929336776670158,0.10830402374267578,16,1127,7.585336182220249,8.473001258119229,3,0.08,0.9,random
combined_3,combined,baseline,702.0,418.0,203.0,359.0,502.4758700674093,False,0.10111452639102936,0.09685158729553223,1,1127,7.167601509743074,6.674967115303331,3,0.08,0.9,random
combined_3,combined,retina_only,545.0,366.0,203.0,359.0,342.0716299256634,False,0.05352386087179184,0.10890412330627441,1,1127,7.167601509743074,6.674967115303331,3,0.08,0.9,random
combined_3,combined,context_only,450.0,450.0,203.0,359.0,263.2299375071156,False,0.0,0.0942840576171875,0,1127,7.167601509743074,6.674967115303331,3,0.08,0.9,random
combined_3,combined,biocontext,450.0,450.0,203.0,359.0,263.2299375071156,False,0.0,0.09338784217834473,0,1127,7.167601509743074,6.674967115303331,3,0.08,0.9,random
combined_4,combined,baseline,451.0,468.0,463.0,463.0,13.0,True,0.3652753531932831,0.1023252010345459,1,1127,5.0099605383639965,8.518736812851996,3,0.08,0.9,random
combined_4,combined,retina_only,462.0,497.0,463.0,463.0,34.0147027033899,False,0.06917791813611984,0.11163663864135742,1,1127,5.0099605383639965,8.518736812851996,3,0.08,0.9,random
combined_4,combined,context_only,451.0,468.0,463.0,463.0,13.0,True,0.31713412374726985,0.11363816261291504,12,1127,5.0099605383639965,8.518736812851996,3,0.08,0.9,random
combined_4,combined,biocontext,443.5,473.5,463.0,463.0,22.147234590350102,False,0.32749885876166457,0.10686874389648438,16,1127,5.0099605383639965,8.518736812851996,3,0.08,0.9,random
combined_5,combined,baseline,206.0,252.0,177.0,177.0,80.4114419718985,False,0.14415869116783142,0.09788894653320312,1,1127,7.2224841754223945,10.64352716442145,3,0.08,0.9,corner
combined_5,combined,retina_only,700.0,304.0,177.0,177.0,538.1988480106586,False,0.07667622715234756,0.11117362976074219,1,1127,7.2224841754223945,10.64352716442145,3,0.08,0.9,corner
combined_5,combined,context_only,450.0,450.0,177.0,177.0,386.08030252785494,False,0.0,0.09676742553710938,0,1127,7.2224841754223945,10.64352716442145,3,0.08,0.9,corner
combined_5,combined,biocontext,228.0,259.0,177.0,177.0,96.56603957913983,False,0.14577176840206332,0.10013556480407715,3,1127,7.2224841754223945,10.64352716442145,3,0.08,0.9,corner
combined_6,combined,baseline,391.0,215.0,385.0,203.0,13.416407864998739,True,0.4290179908275604,0.09980201721191406,1,1127,9.772232597305738,9.159592585822587,3,0.08,0.9,random
combined_6,combined,retina_only,218.0,700.0,385.0,203.0,524.3071618812774,False,0.08341675251722336,0.11136674880981445,1,1127,9.772232597305738,9.159592585822587,3,0.08,0.9,random
combined_6,combined,context_only,391.0,215.0,385.0,203.0,13.416407864998739,True,0.3755459474446563,0.11655950546264648,12,1127,9.772232597305738,9.159592585822587,3,0.08,0.9,random
combined_6,combined,biocontext,389.0,215.0,385.0,203.0,12.649110640673518,True,0.42904223706070543,0.10668277740478516,16,1127,9.772232597305738,9.159592585822587,3,0.08,0.9,random
combined_7,combined,baseline,191.0,202.0,177.0,177.0,28.653097563788805,False,0.23394560813903809,0.09853935241699219,1,1127,7.991511102987106,10.943874137398781,3,0.08,0.9,corner
combined_7,combined,retina_only,366.0,471.0,177.0,177.0,349.509656518958,False,0.07283122837543488,0.11091113090515137,1,1127,7.991511102987106,10.943874137398781,3,0.08,0.9,corner
combined_7,combined,context_only,184.0,193.0,177.0,177.0,17.46424919657298,False,0.21271471902619532,0.11631965637207031,12,1127,7.991511102987106,10.943874137398781,3,0.08,0.9,corner
combined_7,combined,biocontext,184.0,193.0,177.0,177.0,17.46424919657298,False,0.3232729291483943,0.10627174377441406,16,1127,7.991511102987106,10.943874137398781,3,0.08,0.9,corner
combined_8,combined,baseline,285.0,544.0,255.0,177.0,368.22411653774117,False,0.2830607295036316,0.10071420669555664,1,1127,10.132648964878538,8.184044711426306,3,0.08,0.9,edge
combined_8,combined,retina_only,405.0,273.0,255.0,177.0,178.08986495586996,False,0.09772419929504395,0.11088752746582031,1,1127,10.132648964878538,8.184044711426306,3,0.08,0.9,edge
combined_8,combined,context_only,285.0,544.0,255.0,177.0,368.22411653774117,False,0.2461869848339214,0.10128068923950195,12,1127,10.132648964878538,8.184044711426306,3,0.08,0.9,edge
combined_8,combined,biocontext,244.0,174.0,255.0,177.0,11.40175425099138,True,0.3342845087109952,0.10636281967163086,16,1127,10.132648964878538,8.184044711426306,3,0.08,0.9,edge
combined_9,combined,baseline,452.5,396.5,463.0,385.0,15.572411502397436,False,0.2584822475910187,0.09559798240661621,1,1127,6.820853653711568,8.169635555338399,3,0.08,0.9,random
combined_9,combined,retina_only,582.0,594.0,463.0,385.0,240.50363822611914,False,0.06531171500682831,0.12389826774597168,1,1127,6.820853653711568,8.169635555338399,3,0.08,0.9,random
combined_9,combined,context_only,452.5,396.5,463.0,385.0,15.572411502397436,False,0.2311699416984598,0.0970454216003418,12,1127,6.820853653711568,8.169635555338399,3,0.08,0.9,random
combined_9,combined,biocontext,452.5,396.5,463.0,385.0,15.572411502397436,False,0.30454743614328644,0.10457420349121094,16,1127,6.820853653711568,8.169635555338399,3,0.08,0.9,random
